"","Antwort_ID","Einstiegsfrage","Traue_keiner_Statistik","zukunftsorientiert","trocken","gute_Berufsaussichten","Angst","wichtige_Informationsquelle","nur_Maenner","Kreativitaet","beweisen_nichts","vielfaeltige_Anwendungsgebiete","Relevanz_Beruf","Relevanz_Studium","Relevanz_Alltag","verstaendlich","cool","innovativ","langweilig","rechenintensiv","kompliziert","abwechslungsreich","reine_Zeitverschwendung","anstrengend","spannend","Assoziationen","allgemeine_Wahrnehmung","Vorstellung_Arbeit_Statistiker","Bestandteil","Leistung","Alter","Geschlecht","Geshlecht_sonstiges","Studienfach","Studienfach_sonstiges","Abschluss","Abschluss_sonstiges","Fachsemester","Anmerkungen"
"1",4,"Ich würde eher sagen, dass man es als Schüler als lästiges Übel ansieht. Später sieht man es differenzierter.","Stimme eher nicht zu","Stimme eher zu","Stimme voll zu","Stimme eher zu","Stimme voll zu","Stimme voll zu","Stimme eher nicht zu","Stimme eher nicht zu","Stimme eher nicht zu","Stimme eher zu","Ziemlich relevant","Ziemlich relevant","Ziemlich irrelevant","Nein","Nein","Nein","Ja","Ja","Ja","Nein","Nein","Ja","Nein","neutral","eher negativ","Nicht sehr viel. Viel mit Zahlen","kein Bestandteil",NA,22,"männlich",NA,"Sonstiges","Ev. Theologie","Sonstiges","Magister Theologiae",5,NA
"2",5,"Sehr sinnvoll, in vielen Bereichen notwendig","Stimme eher zu","Stimme voll zu","Stimme eher zu","Stimme eher zu","Stimme eher zu","Stimme voll zu","Stimme eher nicht zu","Stimme eher nicht zu","Stimme eher nicht zu","Stimme voll zu","Ziemlich irrelevant","Ziemlich relevant","Eher irrelevant","Nein","Nein","Nein","Nein","Nein","Ja","Nein","Nein","Ja","Nein","neutral","eher negativ","Interessant, zeit- und rechenintensiv","Pflichtfach","mittelmäßig",20,"weiblich",NA,"Gesellschafts- und Sozialwissenschaften",NA,"Bachelor",NA,3,NA
"3",6,NA,NA,NA,NA,NA,NA,NA,NA,NA,NA,NA,NA,NA,NA,"N/A","N/A","N/A","N/A","N/A","N/A","N/A","N/A","N/A","N/A",NA,NA,NA,NA,NA,NA,NA,NA,NA,NA,NA,NA,NA,NA
"4",7,"In vielen Situationen kompliziert aber sehr hilfreich um Entscheidungen zu treffen und bisherige Vorgänge zu analysieren.","Stimme voll zu","Stimme eher zu","Stimme eher zu","Stimme eher zu","Stimme eher zu","Stimme eher nicht zu","Stimme gar nicht zu","Stimme eher nicht zu","Stimme eher zu","Stimme eher zu","Eher relevant","Eher relevant","Eher relevant","Ja","Nein","Nein","Ja","Ja","Nein","Nein","Nein","Nein","Nein","neutral","eher negativ","Analyse von Daten um Zukunftsmöglichkeiten vorherzusagen und um bisherige Schritte auf Erfolg zu prüfen. Sehr viel Tabellen und Grafiken die der Rest nicht versteht","Pflichtfach","ganz gut",21,"weiblich",NA,"Naturwissenschaften und Mathematik",NA,"Bachelor",NA,3,NA
"5",8,NA,NA,NA,NA,NA,NA,NA,NA,NA,NA,NA,NA,NA,NA,"N/A","N/A","N/A","N/A","N/A","N/A","N/A","N/A","N/A","N/A",NA,NA,NA,NA,NA,NA,NA,NA,NA,NA,NA,NA,NA,NA
"6",9,NA,NA,NA,NA,NA,NA,NA,NA,NA,NA,NA,NA,NA,NA,"N/A","N/A","N/A","N/A","N/A","N/A","N/A","N/A","N/A","N/A",NA,NA,NA,NA,NA,NA,NA,NA,NA,NA,NA,NA,NA,NA
"7",10,NA,NA,NA,NA,NA,NA,NA,NA,NA,NA,NA,NA,NA,NA,"N/A","N/A","N/A","N/A","N/A","N/A","N/A","N/A","N/A","N/A",NA,NA,NA,NA,NA,NA,NA,NA,NA,NA,NA,NA,NA,NA
"8",11,NA,NA,NA,NA,NA,NA,NA,NA,NA,NA,NA,NA,NA,NA,"N/A","N/A","N/A","N/A","N/A","N/A","N/A","N/A","N/A","N/A",NA,NA,NA,NA,NA,NA,NA,NA,NA,NA,NA,NA,NA,NA
"9",12,"Ich finde es sehr wichtig","Stimme eher zu","Stimme eher zu","Stimme voll zu","Stimme eher nicht zu","Stimme voll zu","Stimme voll zu","Stimme gar nicht zu","Stimme eher nicht zu","Stimme eher zu","Stimme voll zu","Eher irrelevant","Eher relevant","Ziemlich relevant","Nein","Nein","Nein","Ja","Nein","Ja","Nein","Nein","Ja","Ja","eher negativ","negativ",NA,"Pflichtfach","mittelmäßig",20,"weiblich",NA,"Lehramtsstudiengänge",NA,"Bachelor",NA,3,NA
"10",13,"Lästiges Übel",NA,NA,NA,NA,NA,NA,NA,NA,NA,NA,NA,NA,NA,"N/A","N/A","N/A","N/A","N/A","N/A","N/A","N/A","N/A","N/A",NA,NA,NA,NA,NA,NA,NA,NA,NA,NA,NA,NA,NA,NA
"11",14,NA,"Stimme eher nicht zu","Stimme eher nicht zu","Stimme eher zu","Stimme gar nicht zu","Stimme voll zu","Stimme eher zu","Stimme gar nicht zu","Stimme eher nicht zu","Stimme eher nicht zu","Stimme eher zu","Ziemlich irrelevant","Ziemlich irrelevant","Ziemlich irrelevant","Nein","Nein","Nein","Ja","Ja","Ja","Nein","Ja","Ja","Nein","eher negativ","eher negativ",NA,"Pflichtfach","nicht so gut",20,"weiblich",NA,"Lehramtsstudiengänge",NA,"Bachelor",NA,3,NA
"12",15,"Angesehene Wissenschaft","Stimme eher nicht zu","Stimme voll zu","Stimme eher zu","Stimme voll zu","Stimme eher zu","Stimme voll zu","Stimme eher nicht zu","Stimme gar nicht zu","Stimme eher nicht zu","Stimme eher zu","Absolut relevant","Absolut relevant","Ziemlich relevant","Nein","Ja","Nein","Nein","Ja","Ja","Nein","Nein","Ja","Ja","eher positiv","eher negativ","Statistiken erstellen; 
mithilfe geeigneter Methoden Daten analysieren","Pflichtfach","mittelmäßig",20,"weiblich",NA,"Statistik",NA,"Bachelor",NA,3,NA
"13",16,NA,NA,NA,NA,NA,NA,NA,NA,NA,NA,NA,NA,NA,NA,"N/A","N/A","N/A","N/A","N/A","N/A","N/A","N/A","N/A","N/A",NA,NA,NA,NA,NA,NA,NA,NA,NA,NA,NA,NA,NA,NA
"14",17,NA,"Stimme eher zu","Stimme eher zu","Stimme eher zu","Stimme voll zu","Stimme voll zu","Stimme eher nicht zu","Stimme gar nicht zu","Stimme gar nicht zu","Stimme eher zu","Stimme eher nicht zu","Eher relevant","Eher relevant","Ziemlich irrelevant","Nein","Nein","Nein","Ja","Nein","Ja","Nein","Nein","Ja","Nein","eher negativ","eher negativ",NA,"Pflichtfach","mittelmäßig",19,"weiblich",NA,"Rechts- und Wirtschaftswissenschaften",NA,"Bachelor",NA,2,NA
"15",18,"lästiges Übel, zu viel Mathematik;)","Stimme eher nicht zu","Stimme eher zu","Stimme eher zu","Stimme eher zu","Stimme voll zu","Stimme voll zu","Stimme eher nicht zu","Stimme eher zu","Stimme gar nicht zu","Stimme eher zu","Eher irrelevant","Eher irrelevant","Eher irrelevant","Nein","Nein","Nein","Nein","Ja","Ja","Nein","Nein","Ja","Nein","eher negativ","neutral",NA,"kein Pflichtfach, aber Bestandteil","nicht so gut",19,"weiblich",NA,"Gesellschafts- und Sozialwissenschaften",NA,"Bachelor",NA,1,NA
"16",19,NA,NA,NA,NA,NA,NA,NA,NA,NA,NA,NA,NA,NA,NA,"N/A","N/A","N/A","N/A","N/A","N/A","N/A","N/A","N/A","N/A",NA,NA,NA,NA,NA,NA,NA,NA,NA,NA,NA,NA,NA,NA
"17",20,"An den Hochschultagen wurde als einziger Vorteil eines Statisti-Studium wiederholt hervorgehoben, dass ein Statistik-Studium einfacher zu bewältigen ist als ein Mathematik-Studium. Mehr weiß ich ehrlich gesagt nicht über das Studium. :/","Stimme voll zu","Stimme eher nicht zu","Stimme eher zu","Stimme voll zu","Stimme gar nicht zu","Stimme voll zu","Stimme gar nicht zu","Stimme eher nicht zu","Stimme eher nicht zu","Stimme voll zu","Ziemlich relevant","Ziemlich relevant","Ziemlich irrelevant","Ja","Nein","Nein","Nein","Nein","Nein","Nein","Nein","Ja","Nein","neutral","eher negativ","Statistiken erstellen&auswerten?","kein Bestandteil",NA,20,"männlich",NA,"Sonstiges",NA,"Bachelor",NA,3,"Nein danke <3"
"18",21,"Angesehene Wissenschaft definitiv. Vergleiche sind überall sehr wichtig, nicht nur im wirtschaftlichen Rahmen. Ich finde es toll, dass ihr euch den mathematischen Herausforderungen widmet!","Stimme voll zu","Stimme voll zu","Stimme eher nicht zu","Stimme voll zu","Stimme voll zu","Stimme voll zu","Stimme eher nicht zu","Stimme voll zu","Stimme eher nicht zu","Stimme voll zu","Eher relevant","Eher relevant","Absolut irrelevant","Nein","Nein","Nein","Ja","Ja","Ja","Ja","Nein","Ja","Ja","neutral","neutral","Daten für die Planung und Disposition in wirtschaftlichen Unternehmen erarbeiten. Diese Daten werden durch die Auswertung der betrieblichen Zahlen gewonnen. Woanders, keine Ahnung.","kein Pflichtfach, aber Bestandteil","schlecht",23,"weiblich",NA,"Rechts- und Wirtschaftswissenschaften",NA,"Bachelor",NA,1,NA
"19",22,"Lästiges Übel!","Stimme voll zu","Stimme eher zu","Stimme voll zu","Stimme voll zu","Stimme voll zu","Stimme eher zu","Stimme eher nicht zu","Stimme gar nicht zu","Stimme eher zu","Stimme eher zu","Eher relevant","Ziemlich relevant","Eher irrelevant","Nein","Nein","Nein","Ja","Nein","Ja","Nein","Nein","Ja","Nein","negativ","eher negativ","Aufbereiten von Daten","Pflichtfach","nicht so gut",20,"weiblich",NA,"Rechts- und Wirtschaftswissenschaften",NA,"Bachelor",NA,1,NA
"20",23,NA,"Stimme eher nicht zu","Stimme eher zu","Stimme eher zu","Stimme eher zu","Stimme eher nicht zu","Stimme voll zu","Stimme eher nicht zu","Stimme gar nicht zu","Stimme gar nicht zu","Stimme voll zu","Ziemlich relevant","Eher relevant","Ziemlich relevant","Ja","Nein","Nein","Nein","Nein","Nein","Nein","Nein","Nein","Ja","positiv","eher negativ","Tendenzen der Allgemeinheit rausfinden um das Leben in allen möglichen Bereichen verbessern zu können","kein Bestandteil",NA,19,"weiblich",NA,"Lehramtsstudiengänge",NA,"Bachelor",NA,1,NA
"21",24,"Ist schon eine angesehene Wissenschaft da heutzutage alles auf statistische Angaben basiert",NA,NA,NA,NA,NA,NA,NA,NA,NA,NA,NA,NA,NA,"N/A","N/A","N/A","N/A","N/A","N/A","N/A","N/A","N/A","N/A",NA,NA,NA,NA,NA,NA,NA,NA,NA,NA,NA,NA,NA,NA
"22",25,"Nicht so spannend, machen die Leute die Mathe mögen aber nicht gut genug für nur Mathe sind","Stimme voll zu","Stimme eher zu","Stimme eher zu","Stimme voll zu","Stimme voll zu","Stimme voll zu","Stimme eher zu","Stimme gar nicht zu","Stimme voll zu","Stimme eher zu","Eher relevant","Ziemlich relevant","Eher relevant","Ja","Nein","Nein","Ja","Ja","Nein","Nein","Nein","Ja","Nein","eher negativ","eher negativ","Statistiken machen und Umfragen ausfragen","kein Pflichtfach, aber Bestandteil","ganz gut",19,"männlich",NA,"Medizin und Gesundheitswesen",NA,"Sonstiges","Staatsexamen",1,NA
"23",26,"Zwiegespalten. Aber kann sicherlich sehr hilfreich in der Forschung sein.","Stimme eher zu","Stimme eher zu","Stimme eher zu","Stimme eher nicht zu","Stimme eher zu","Stimme eher zu","Stimme eher nicht zu","Stimme eher nicht zu","Stimme eher nicht zu","Stimme voll zu","Eher irrelevant","Eher irrelevant","Eher relevant","Nein","Nein","Nein","Nein","Ja","Ja","Nein","Nein","Nein","Ja","neutral","neutral","Auswertungen","kein Bestandteil",NA,19,"weiblich",NA,"Gesellschafts- und Sozialwissenschaften",NA,"Bachelor",NA,1,NA
"24",27,"Keine Ahnung davon
Eher lästiges Übel",NA,NA,NA,NA,NA,NA,NA,NA,NA,NA,NA,NA,NA,"N/A","N/A","N/A","N/A","N/A","N/A","N/A","N/A","N/A","N/A",NA,NA,NA,NA,NA,NA,NA,NA,NA,NA,NA,NA,NA,NA
"25",28,"Im großen Ganzen eine sehr wichtige Wissenschaft. Statistik ist gefühlt in allen Bereichen des Lebens auf irgendeiner Art und Weise zu finden. Sobald es mehr als eine mögliche Lösung/Entscheidung gibt, sollte man je nach Problem die statistisch vorteilhaftere Lösung nehmen. Es hilft auch bei der Veranschaulichung von großen Datenmengen, was sehr hilfreich ist. Im Studium aber oft etwas trocken und langweilig.","Stimme eher nicht zu","Stimme eher zu","Stimme voll zu","Stimme eher nicht zu","Stimme eher zu","Stimme voll zu","Stimme eher nicht zu","Stimme gar nicht zu","Stimme eher nicht zu","Stimme voll zu","Eher relevant","Ziemlich relevant","Eher irrelevant","Ja","Nein","Nein","Ja","Nein","Nein","Ja","Nein","Ja","Nein","neutral","eher negativ","Statistiken erstellen und Datenmengen „verarbeiten“","Pflichtfach","ganz gut",20,"männlich",NA,"Rechts- und Wirtschaftswissenschaften",NA,"Bachelor",NA,3,NA
"26",29,"Eine lange Zeit für mich eher lästiges Übel, aber ich finde mehr und mehr Spaß daran. Ich denke das Ansehen leidet auch darunter, dass mit Statistiken so oft gemogelt und manipuliert wird.","Stimme voll zu","Stimme eher zu","Stimme eher nicht zu","Stimme voll zu","Stimme eher zu","Stimme voll zu","Stimme gar nicht zu","Stimme eher nicht zu","Stimme eher nicht zu","Stimme voll zu","Eher irrelevant","Ziemlich relevant","Ziemlich relevant","Ja","Nein","Nein","Nein","Ja","Nein","Nein","Nein","Ja","Ja","eher positiv","eher negativ","Viel Rechnen, Erheben von Daten und Auswertung, viel Programmierung","kein Pflichtfach, aber Bestandteil","ganz gut",21,"weiblich",NA,"Naturwissenschaften und Mathematik",NA,"Bachelor",NA,7,NA
"27",30,NA,NA,NA,NA,NA,NA,NA,NA,NA,NA,NA,NA,NA,NA,"N/A","N/A","N/A","N/A","N/A","N/A","N/A","N/A","N/A","N/A",NA,NA,NA,NA,NA,NA,NA,NA,NA,NA,NA,NA,NA,NA
"28",31,"Voll die krasse Wissenschaft - ist glaub ich voll wichtig!!!","Stimme voll zu","Stimme eher zu","Stimme eher nicht zu","Stimme voll zu","Stimme eher zu","Stimme voll zu","Stimme eher zu","Stimme gar nicht zu","Stimme gar nicht zu","Stimme voll zu","Eher relevant","Ziemlich irrelevant","Eher irrelevant","Nein","Nein","Ja","Nein","Ja","Ja","Ja","Nein","Ja","Ja","neutral","eher negativ","Umfragen, rechnen, Statistiken anwenden, Werbeindustrie? Irgendwas mit Bevölkerung, Daten verkaufen?","kein Bestandteil",NA,20,"weiblich",NA,"Rechts- und Wirtschaftswissenschaften",NA,"Sonstiges","STEX",1,"Ne :)"
"29",32,NA,NA,NA,NA,NA,NA,NA,NA,NA,NA,NA,NA,NA,NA,"N/A","N/A","N/A","N/A","N/A","N/A","N/A","N/A","N/A","N/A",NA,NA,NA,NA,NA,NA,NA,NA,NA,NA,NA,NA,NA,NA
"30",33,"Angesehene Wissenschaft
","Stimme eher zu","Stimme eher zu","Stimme eher nicht zu","Stimme voll zu","Stimme voll zu","Stimme voll zu","Stimme eher zu","Stimme eher nicht zu","Stimme eher nicht zu","Stimme voll zu","Ziemlich relevant","Ziemlich relevant","Eher irrelevant","Ja","Nein","Nein","Nein","Ja","Nein","Ja","Nein","Nein","Ja","neutral","eher negativ","Erstellen & Durchführen von empirischen Studien & Auswertung & Aufbereitung der Ergebnisse
","Pflichtfach","ganz gut",19,"weiblich",NA,"Rechts- und Wirtschaftswissenschaften",NA,"Bachelor",NA,3,NA
"31",34,NA,NA,NA,NA,NA,NA,NA,NA,NA,NA,NA,NA,NA,NA,"N/A","N/A","N/A","N/A","N/A","N/A","N/A","N/A","N/A","N/A",NA,NA,NA,NA,NA,NA,NA,NA,NA,NA,NA,NA,NA,NA
"32",35,NA,"Stimme eher zu","Stimme eher zu","Stimme eher nicht zu","Stimme eher zu","Stimme eher nicht zu","Stimme voll zu","Stimme eher nicht zu","Stimme eher zu","Stimme eher nicht zu","Stimme voll zu","Eher relevant","Eher irrelevant","Ziemlich irrelevant","Ja","Nein","Ja","Nein","Nein","Nein","Nein","Nein","Nein","Nein","neutral","eher negativ",NA,"Pflichtfach","ganz gut",25,"weiblich",NA,"Lehramtsstudiengänge",NA,"Bachelor",NA,3,NA
"33",36,NA,NA,NA,NA,NA,NA,NA,NA,NA,NA,NA,NA,NA,NA,"N/A","N/A","N/A","N/A","N/A","N/A","N/A","N/A","N/A","N/A",NA,NA,NA,NA,NA,NA,NA,NA,NA,NA,NA,NA,NA,NA
"34",37,NA,NA,NA,NA,NA,NA,NA,NA,NA,NA,NA,NA,NA,NA,"N/A","N/A","N/A","N/A","N/A","N/A","N/A","N/A","N/A","N/A",NA,NA,NA,NA,NA,NA,NA,NA,NA,NA,NA,NA,NA,NA
"35",38,NA,NA,NA,NA,NA,NA,NA,NA,NA,NA,NA,NA,NA,NA,"N/A","N/A","N/A","N/A","N/A","N/A","N/A","N/A","N/A","N/A",NA,NA,NA,NA,NA,NA,NA,NA,NA,NA,NA,NA,NA,NA
"36",39,NA,NA,NA,NA,NA,NA,NA,NA,NA,NA,NA,NA,NA,NA,"N/A","N/A","N/A","N/A","N/A","N/A","N/A","N/A","N/A","N/A",NA,NA,NA,NA,NA,NA,NA,NA,NA,NA,NA,NA,NA,NA
"37",40,NA,NA,NA,NA,NA,NA,NA,NA,NA,NA,NA,NA,NA,NA,"N/A","N/A","N/A","N/A","N/A","N/A","N/A","N/A","N/A","N/A",NA,NA,NA,NA,NA,NA,NA,NA,NA,NA,NA,NA,NA,NA
"38",41,NA,NA,NA,NA,NA,NA,NA,NA,NA,NA,NA,NA,NA,NA,"N/A","N/A","N/A","N/A","N/A","N/A","N/A","N/A","N/A","N/A",NA,NA,NA,NA,NA,NA,NA,NA,NA,NA,NA,NA,NA,NA
"39",42,NA,NA,NA,NA,NA,NA,NA,NA,NA,NA,NA,NA,NA,NA,"N/A","N/A","N/A","N/A","N/A","N/A","N/A","N/A","N/A","N/A",NA,NA,NA,NA,NA,NA,NA,NA,NA,NA,NA,NA,NA,NA
"40",43,"Hat durchaus eine Daseinsberechtigung","Stimme eher zu","Stimme eher zu","Stimme eher zu","Stimme eher zu","Stimme eher nicht zu","Stimme eher zu","Stimme gar nicht zu","Stimme gar nicht zu","Stimme eher zu","Stimme voll zu","Eher irrelevant","Ziemlich irrelevant","Eher relevant","Ja","Nein","Nein","Nein","Ja","Nein","Nein","Nein","Ja","Nein","neutral","eher negativ","Lange Umfragen auswerten und darstellen","kein Bestandteil",NA,19,"männlich",NA,"Lehramtsstudiengänge",NA,"Bachelor",NA,1,NA
"41",44,"Wichtige Wissenschaft um empirische Daten mit sicheren mathematischen Aussagen zu verbinden. Aber leider mit Potenzial zum verfälschen von Aussagen","Stimme gar nicht zu","Stimme voll zu","Stimme eher zu","Stimme voll zu","Stimme eher zu","Stimme voll zu","Stimme eher nicht zu","Stimme eher zu","Stimme gar nicht zu","Stimme voll zu","Ziemlich relevant","Absolut relevant","Eher relevant","Nein","Nein","Ja","Nein","Ja","Ja","Nein","Nein","Nein","Ja","positiv","eher negativ","Suchen von geeigneten Methoden um wissen aus Daten zu gewinnen. Am Ende wahrscheinlich viel aufbereiten von Daten.","Pflichtfach","ganz gut",31,"männlich",NA,"Data Science",NA,"Bachelor",NA,3,NA
"42",45,"Geteilt, Einerseits sehr spanend, andereseits auch sehr kompliziert",NA,NA,NA,NA,NA,NA,NA,NA,NA,NA,NA,NA,NA,"N/A","N/A","N/A","N/A","N/A","N/A","N/A","N/A","N/A","N/A",NA,NA,NA,NA,NA,NA,NA,NA,NA,NA,NA,NA,NA,NA
"43",46,"Definitiv angesehene Wissenschaft","Stimme voll zu","Stimme eher nicht zu","Stimme eher nicht zu","Stimme eher zu","Stimme voll zu","Stimme eher zu","Stimme gar nicht zu","Stimme eher zu","Stimme eher nicht zu","Stimme eher zu","Ziemlich relevant","Ziemlich relevant","Ziemlich irrelevant","Nein","Ja","Nein","Nein","Nein","Ja","Nein","Nein","Ja","Nein","neutral","eher negativ","Schauen wie man Sachverhalte anschaulich darstellen kann","Pflichtfach","ganz gut",19,"weiblich",NA,"Sonstiges","Psychologie (Gesellschafts oder Naturwissenschaften)","Bachelor",NA,1,"Nö :)"
"44",47,NA,"Stimme voll zu","Stimme eher zu","Stimme voll zu","Stimme eher nicht zu","Stimme eher zu","Stimme voll zu","Stimme eher zu","Stimme eher nicht zu","Stimme eher nicht zu","Stimme voll zu","Eher relevant","Eher irrelevant","Eher irrelevant","Ja","Nein","Nein","Ja","Ja","Ja","Nein","Nein","Ja","Ja","eher negativ","neutral","Rechnen viel und sitzen nur am PC. Müssen sich viel mit IT auskennen","kein Bestandteil",NA,20,"weiblich",NA,"Lehramtsstudiengänge",NA,"Bachelor",NA,3,NA
"45",48,NA,"Stimme eher zu","Stimme eher nicht zu","Stimme eher zu","Stimme eher zu","Stimme eher zu","Stimme eher zu","Stimme eher nicht zu","Stimme eher nicht zu","Stimme gar nicht zu","Stimme voll zu","Eher relevant","Eher irrelevant","Eher relevant","Nein","Nein","Nein","Nein","Ja","Ja","Nein","Nein","Ja","Ja","eher negativ","eher negativ",NA,"kein Pflichtfach, aber Bestandteil","nicht so gut",21,"weiblich",NA,"Lehramtsstudiengänge",NA,"Bachelor",NA,3,NA
"46",49,"Darstellung von Fakten","Stimme eher zu","Stimme eher nicht zu","Stimme eher nicht zu","Stimme eher zu","Stimme gar nicht zu","Stimme voll zu","Stimme gar nicht zu","Stimme eher nicht zu","Stimme eher zu","Stimme voll zu","Absolut irrelevant","Absolut irrelevant","Eher relevant","Ja","Nein","Nein","Ja","Nein","Nein","Ja","Nein","Nein","Nein","eher positiv","eher negativ","Bekommen eine Reihe von Daten aus verschiedenen Bereichen z.B. Physik, Journalismus... und verarbeiten diese und stellen sie übersichtlich da.","kein Bestandteil",NA,19,"männlich",NA,"Sonstiges","Mathematik","Bachelor",NA,3,NA
"47",50,NA,NA,NA,NA,NA,NA,NA,NA,NA,NA,NA,NA,NA,NA,"N/A","N/A","N/A","N/A","N/A","N/A","N/A","N/A","N/A","N/A",NA,NA,NA,NA,NA,NA,NA,NA,NA,NA,NA,NA,NA,NA
"48",51,"Wissenschaft","Stimme gar nicht zu","Stimme voll zu","Stimme eher nicht zu","Stimme voll zu","Stimme voll zu","Stimme voll zu","Stimme gar nicht zu","Stimme voll zu","Stimme gar nicht zu","Stimme voll zu","Absolut relevant","Absolut relevant","Ziemlich relevant","Nein","Ja","Ja","Nein","Nein","Nein","Ja","Nein","Nein","Ja","positiv","eher negativ","Spannende und abwechslungsreiche Aufgaben","Pflichtfach","bestens",22,"weiblich",NA,"Sonstiges","Psychologie","Bachelor",NA,5,"Nein viel Erfolg"
"49",52,"Angesehene Wissenschaft","Stimme eher zu","Stimme eher nicht zu","Stimme eher nicht zu","Stimme eher zu","Stimme voll zu","Stimme eher zu","Stimme eher nicht zu","Stimme voll zu","Stimme eher nicht zu","Stimme voll zu","Eher relevant","Absolut irrelevant","Eher relevant","Ja","Nein","Nein","Nein","Nein","Ja","Nein","Nein","Nein","Ja","eher positiv","eher negativ",NA,"Pflichtfach","mittelmäßig",37,"weiblich",NA,"Lehramtsstudiengänge",NA,"Bachelor",NA,3,"Nein"
"50",53,NA,NA,NA,NA,NA,NA,NA,NA,NA,NA,NA,NA,NA,NA,"N/A","N/A","N/A","N/A","N/A","N/A","N/A","N/A","N/A","N/A",NA,NA,NA,NA,NA,NA,NA,NA,NA,NA,NA,NA,NA,NA
"51",54,NA,NA,NA,NA,NA,NA,NA,NA,NA,NA,NA,NA,NA,NA,"N/A","N/A","N/A","N/A","N/A","N/A","N/A","N/A","N/A","N/A",NA,NA,NA,NA,NA,NA,NA,NA,NA,NA,NA,NA,NA,NA
"52",55,NA,NA,NA,NA,NA,NA,NA,NA,NA,NA,NA,NA,NA,NA,"N/A","N/A","N/A","N/A","N/A","N/A","N/A","N/A","N/A","N/A",NA,NA,NA,NA,NA,NA,NA,NA,NA,NA,NA,NA,NA,NA
"53",56,NA,NA,NA,NA,NA,NA,NA,NA,NA,NA,NA,NA,NA,NA,"N/A","N/A","N/A","N/A","N/A","N/A","N/A","N/A","N/A","N/A",NA,NA,NA,NA,NA,NA,NA,NA,NA,NA,NA,NA,NA,NA
"54",57,"Lästiges Übel","Stimme eher nicht zu","Stimme eher zu","Stimme eher nicht zu","Stimme gar nicht zu","Stimme voll zu","Stimme eher nicht zu","Stimme gar nicht zu","Stimme eher nicht zu","Stimme eher nicht zu","Stimme eher nicht zu","Ziemlich relevant","Eher relevant","Absolut irrelevant","Nein","Nein","Nein","Ja","Nein","Ja","Nein","Nein","Ja","Nein","neutral","eher negativ",NA,"kein Pflichtfach, aber Bestandteil","nicht so gut",1998,"weiblich",NA,"Sonstiges","Wing","Bachelor",NA,1,NA
"55",58,NA,NA,NA,NA,NA,NA,NA,NA,NA,NA,NA,NA,NA,NA,"N/A","N/A","N/A","N/A","N/A","N/A","N/A","N/A","N/A","N/A",NA,NA,NA,NA,NA,NA,NA,NA,NA,NA,NA,NA,NA,NA
"56",59,NA,NA,NA,NA,NA,NA,NA,NA,NA,NA,NA,NA,NA,NA,"N/A","N/A","N/A","N/A","N/A","N/A","N/A","N/A","N/A","N/A",NA,NA,NA,NA,NA,NA,NA,NA,NA,NA,NA,NA,NA,NA
"57",60,"Wichtiges Fach allerdings zu trocken veranstaltet","Stimme voll zu","Stimme eher zu","Stimme eher zu","Stimme voll zu","Stimme voll zu","Stimme voll zu","Stimme gar nicht zu","Stimme gar nicht zu","Stimme gar nicht zu","Stimme voll zu","Eher relevant","Eher relevant","Eher relevant","Nein","Nein","Nein","Nein","Ja","Nein","Nein","Nein","Ja","Nein","eher positiv","eher positiv","Datenerhebungen und Auswertungen mithilfe von Statistiken durchführen","Pflichtfach","ganz gut",20,"männlich",NA,"Ingenieurwissenschaften",NA,"Bachelor",NA,3,NA
"58",61,NA,NA,NA,NA,NA,NA,NA,NA,NA,NA,NA,NA,NA,NA,"N/A","N/A","N/A","N/A","N/A","N/A","N/A","N/A","N/A","N/A",NA,NA,NA,NA,NA,NA,NA,NA,NA,NA,NA,NA,NA,NA
"59",62,NA,NA,NA,NA,NA,NA,NA,NA,NA,NA,NA,NA,NA,NA,"N/A","N/A","N/A","N/A","N/A","N/A","N/A","N/A","N/A","N/A",NA,NA,NA,NA,NA,NA,NA,NA,NA,NA,NA,NA,NA,NA
"60",63,"Statistik ist eine wichtige Wissenschaft um gezielte Prognosen stellen zu können.

Also angesehene Wissenschaft.","Stimme eher zu","Stimme eher nicht zu","Stimme voll zu","Stimme voll zu","Stimme voll zu","Stimme eher zu","Stimme gar nicht zu","Stimme gar nicht zu","Stimme eher nicht zu","Stimme voll zu","Eher relevant","Ziemlich irrelevant","Ziemlich irrelevant","Nein","Nein","Nein","Ja","Ja","Ja","Ja","Nein","Ja","Nein","eher negativ","eher negativ","Sammeln und auswerten von Datensätzen und Entwicklung neuer Methoden um bessere Prognosen tätigen zu können.","Pflichtfach","ganz gut",23,"männlich",NA,"Sonstiges","Logistik","Bachelor",NA,9,NA
"61",64,"Wichtig und Angesehen zu Auswertung von Datensätzen, lästig wenn man es selbst machen muss.","Stimme eher nicht zu","Stimme gar nicht zu","Stimme eher zu","Stimme voll zu","Stimme eher nicht zu","Stimme voll zu","Stimme gar nicht zu","Stimme eher nicht zu","Stimme gar nicht zu","Stimme voll zu","Eher irrelevant","Eher irrelevant","Eher irrelevant","Nein","Nein","Nein","Nein","Nein","Ja","Nein","Nein","Nein","Nein","eher positiv","eher negativ","Analyse/Auswertung von Datensätzen,","kein Pflichtfach, aber Bestandteil","mittelmäßig",32,"männlich",NA,"Naturwissenschaften und Mathematik",NA,"Sonstiges","Promotion",5,NA
"62",65,NA,NA,NA,NA,NA,NA,NA,NA,NA,NA,NA,NA,NA,NA,"N/A","N/A","N/A","N/A","N/A","N/A","N/A","N/A","N/A","N/A",NA,NA,NA,NA,NA,NA,NA,NA,NA,NA,NA,NA,NA,NA
"63",66,"Ich selbst sehe die Statistik schon als eine hilfreiche und nützliche Wissenschaft, die Fortschritt gewährleisten kann. Jedoch wird sie aufgrund der Mathelastigkeit häufig als ein persönliches Übel wahrgenommen, was aus meiner Sicht dennoch nicht den Wert des Faches zwingend senkt.","Stimme eher nicht zu","Stimme eher zu","Stimme eher zu","Stimme eher zu","Stimme voll zu","Stimme eher zu","Stimme gar nicht zu","Stimme eher nicht zu","Stimme eher nicht zu","Stimme eher zu","Ziemlich irrelevant","Eher relevant","Ziemlich irrelevant","Nein","Ja","Nein","Nein","Nein","Ja","Nein","Nein","Ja","Ja","eher positiv","eher negativ","Sie erheben Daten, versuchen Zusammenhänge und Korrelationen herauszufiltern, beschreiben rechnerisch und logisch Daten (deskriptiv), stellen Daten graphisch dar, stellen Hypothesen auf, schätzen und ermitteln Prognosen, Mittelwerte o.ä.","Pflichtfach","mittelmäßig",19,"weiblich",NA,"Lehramtsstudiengänge",NA,"Bachelor",NA,3,NA
"64",67,"Wichtiges fach zur fundierten Auswertung von zahlen und Daten. Auf jeden fall ein wichtiger beruf in allen lebenssituationen. Ich empfinde es allerdings eher wie die kunst oder die Wissenschaft zu fälschen und nicht als forschende Wissenschaft an sich","Stimme voll zu","Stimme gar nicht zu","Stimme eher nicht zu","Stimme voll zu","Stimme voll zu","Stimme voll zu","Stimme gar nicht zu","Stimme eher nicht zu","Stimme gar nicht zu","Stimme voll zu","Ziemlich relevant","Ziemlich relevant","Absolut relevant","Ja","Nein","Ja","Nein","Ja","Nein","Ja","Nein","Nein","Ja","positiv","negativ","Helfen bei wichtigen Entscheidungen von Unternehmen. Aber auch als berater in der politik (siehe corona)","kein Pflichtfach, aber Bestandteil","ganz gut",19,"weiblich",NA,"Ingenieurwissenschaften",NA,"Bachelor",NA,1,NA
"65",68,NA,"Stimme gar nicht zu","Stimme eher zu","Stimme eher zu","Stimme eher zu","Stimme eher zu","Stimme voll zu","Stimme gar nicht zu","Stimme eher nicht zu","Stimme eher nicht zu","Stimme eher zu","Eher relevant","Absolut irrelevant","Eher irrelevant","Ja","Nein","Nein","Nein","Ja","Nein","Nein","Nein","Nein","Ja","neutral","eher negativ","Zahlen und Daten analysieren und zusammenfassend in Statistiken darstellen um daraufhin Prozesse etc. zu optimieren","kein Bestandteil",NA,NA,NA,NA,NA,NA,NA,NA,NA,NA
"66",69,NA,"Stimme eher zu","Stimme eher zu","Stimme eher zu","Stimme voll zu","Stimme eher nicht zu","Stimme eher zu","Stimme gar nicht zu","Stimme eher zu","Stimme gar nicht zu","Stimme voll zu","Eher irrelevant","Eher relevant","Eher relevant","Nein","Nein","Nein","Nein","Ja","Ja","Nein","Nein","Nein","Ja","neutral","neutral",NA,"kein Bestandteil",NA,20,"männlich",NA,"Ingenieurwissenschaften",NA,"Bachelor",NA,1,NA
"67",70,NA,NA,NA,NA,NA,NA,NA,NA,NA,NA,NA,NA,NA,NA,"N/A","N/A","N/A","N/A","N/A","N/A","N/A","N/A","N/A","N/A",NA,NA,NA,NA,NA,NA,NA,NA,NA,NA,NA,NA,NA,NA
"68",71,"Notwendige Wissenschaft, eher für Menschen mit mathematischer Begeisterung als Studium interessant, trotzdem entscheidend für unsere Gesellschaft","Stimme eher nicht zu","Stimme eher zu","Stimme voll zu","Stimme voll zu","Stimme eher zu","Stimme voll zu","Stimme eher nicht zu","Stimme gar nicht zu","Stimme gar nicht zu","Stimme voll zu","Eher relevant","Ziemlich irrelevant","Eher relevant","Ja","Nein","Nein","Nein","Ja","Nein","Nein","Nein","Nein","Nein","neutral","neutral","Daten erheben, anschaulich darstellen, auswerten
Fragestellung entwickeln,  um die Rahmenbedingungen für Datenerhebung zu schaffen","kein Bestandteil",NA,21,"weiblich",NA,"Rechts- und Wirtschaftswissenschaften",NA,"Sonstiges","Staatsexamen",5,NA
"69",72,"Statistik ist für mich hoch angesehen.","Stimme eher nicht zu","Stimme eher zu","Stimme eher zu","Stimme eher zu","Stimme eher nicht zu","Stimme eher zu","Stimme eher nicht zu","Stimme eher nicht zu","Stimme eher nicht zu","Stimme eher zu","Eher relevant","Eher irrelevant","Eher relevant","Ja","Nein","Nein","Nein","Ja","Nein","Nein","Nein","Nein","Ja","neutral","neutral","Rechnen und Recherche
","Pflichtfach","mittelmäßig",20,"männlich",NA,"Ingenieurwissenschaften",NA,"Bachelor",NA,3,NA
"70",73,NA,NA,NA,NA,NA,NA,NA,NA,NA,NA,NA,NA,NA,NA,"N/A","N/A","N/A","N/A","N/A","N/A","N/A","N/A","N/A","N/A",NA,NA,NA,NA,NA,NA,NA,NA,NA,NA,NA,NA,NA,NA
"71",74,"Angesehene Wissenschaft!
Statistiken sind wichtig, man kann verschiedene Szenarien aufbauen und mit den vorhandenen Theorien und Sätzen diese auf kleinste Abweichungen analysieren.
Auch die Fehlertests mit dem 2,5%-Quantil zeigen, ob Ergebnisse realisierbar sind.
In anderen Studiengängen ist Statistik ein wichtiger Bestandteil und ohne diesen wäre Psychologie auch nur eine Geisteswissenschaft!","Stimme voll zu","Stimme eher zu","Stimme eher zu","Stimme voll zu","Stimme eher zu","Stimme eher zu","Stimme gar nicht zu","Stimme eher nicht zu","Stimme gar nicht zu","Stimme voll zu","Ziemlich relevant","Absolut relevant","Eher relevant","Ja","Nein","Nein","Nein","Ja","Nein","Nein","Nein","Nein","Ja","eher positiv","neutral","Datenerhebungen, Fehleranalyse, Fehlertests","Pflichtfach","ganz gut",26,"männlich",NA,"Ingenieurwissenschaften",NA,"Bachelor",NA,9,NA
"72",75,"mal so mal so","Stimme eher nicht zu","Stimme eher zu","Stimme eher zu","Stimme eher zu","Stimme eher nicht zu","Stimme voll zu","Stimme gar nicht zu","Stimme eher nicht zu","Stimme gar nicht zu","Stimme eher zu","Eher relevant","Ziemlich relevant","Ziemlich irrelevant","Ja","Nein","Nein","Nein","Nein","Nein","Nein","Nein","Ja","Ja","neutral","eher negativ","Analysen und Maßnahmen ableiten","kein Pflichtfach, aber Bestandteil","ganz gut",19,"weiblich",NA,"Rechts- und Wirtschaftswissenschaften",NA,"Bachelor",NA,3,"Bei der „Art“ der Statistik-Studiengänge mehrere Auswahlmöglichkeiten gelten lassen :)"
"73",76,"Eine der wichtigsten Wissenschaften, da sie den Unterscheid zwischen Wahrnehmung und Realität aufzeigt.","Stimme eher nicht zu","Stimme voll zu","Stimme eher nicht zu","Stimme eher nicht zu","Stimme eher zu","Stimme voll zu","Stimme gar nicht zu","Stimme eher nicht zu","Stimme gar nicht zu","Stimme voll zu","Ziemlich relevant","Eher relevant","Absolut relevant","Ja","Nein","Nein","Nein","Nein","Nein","Ja","Nein","Nein","Ja","eher positiv","negativ","Datensätze auswerten","Pflichtfach","ganz gut",20,"männlich",NA,"Ingenieurwissenschaften",NA,"Bachelor",NA,3,NA
"74",77,NA,NA,NA,NA,NA,NA,NA,NA,NA,NA,NA,NA,NA,NA,"N/A","N/A","N/A","N/A","N/A","N/A","N/A","N/A","N/A","N/A",NA,NA,NA,NA,NA,NA,NA,NA,NA,NA,NA,NA,NA,NA
"75",78,"- wichtiger Teil der Wissenschaften 
- Übel für viele Studierende 
- wichtiger Bestandteil des Alltags (z.B für Wahlen)","Stimme voll zu","Stimme eher nicht zu","Stimme eher zu","Stimme eher zu","Stimme voll zu","Stimme eher zu","Stimme gar nicht zu","Stimme eher nicht zu","Stimme eher nicht zu","Stimme voll zu","Eher relevant","Absolut relevant","Eher relevant","Nein","Nein","Nein","Nein","Ja","Ja","Ja","Nein","Ja","Ja","eher negativ","neutral","- Datenverarbeitung/-Aufbereitung 
- Auswertung von Umfragen o.Ä. 
- viel Computerarbeit","Pflichtfach","mittelmäßig",21,"weiblich",NA,"Rechts- und Wirtschaftswissenschaften",NA,"Bachelor",NA,7,NA
"76",79,NA,NA,NA,NA,NA,NA,NA,NA,NA,NA,NA,NA,NA,NA,"N/A","N/A","N/A","N/A","N/A","N/A","N/A","N/A","N/A","N/A",NA,NA,NA,NA,NA,NA,NA,NA,NA,NA,NA,NA,NA,NA
"77",80,NA,NA,NA,NA,NA,NA,NA,NA,NA,NA,NA,NA,NA,NA,"N/A","N/A","N/A","N/A","N/A","N/A","N/A","N/A","N/A","N/A",NA,NA,NA,NA,NA,NA,NA,NA,NA,NA,NA,NA,NA,NA
"78",81,NA,NA,NA,NA,NA,NA,NA,NA,NA,NA,NA,NA,NA,NA,"N/A","N/A","N/A","N/A","N/A","N/A","N/A","N/A","N/A","N/A",NA,NA,NA,NA,NA,NA,NA,NA,NA,NA,NA,NA,NA,NA
"79",82,"Scheiss übel","Stimme voll zu","Stimme gar nicht zu","Stimme voll zu","Stimme gar nicht zu","Stimme voll zu","Stimme gar nicht zu","Stimme gar nicht zu","Stimme gar nicht zu","Stimme voll zu","Stimme gar nicht zu","Absolut irrelevant","Absolut irrelevant","Absolut irrelevant","Nein","Nein","Nein","Nein","Ja","Nein","Nein","Ja","Ja","Nein","negativ","negativ","Langweilige scheisse","Pflichtfach","schlecht",20,"weiblich",NA,"Rechts- und Wirtschaftswissenschaften",NA,"Bachelor",NA,5,"Bitte löscht Statistik aus dieser welt"
"80",83,"Ich finde Statistik grandios und sie sollte stärker gefördert werden, damit mehr Menschen mit Statistik umgehen können und somit Personen, die mit Statistiken Unwahrheiten verbreiten, schneller auffliegen. Stop the Lies!","Stimme eher nicht zu","Stimme eher zu","Stimme eher zu","Stimme voll zu","Stimme eher zu","Stimme eher zu","Stimme gar nicht zu","Stimme eher zu","Stimme gar nicht zu","Stimme voll zu","Absolut relevant","Absolut relevant","Absolut relevant","Ja","Ja","Nein","Nein","Nein","Ja","Ja","Nein","Ja","Ja","positiv","eher negativ","Daten aufbereiten und analysieren, also eher Aufgaben von Data Science. in der Forschung eher viel Mathe.","Pflichtfach","mittelmäßig",23,"männlich",NA,"Statistik",NA,"Master",NA,3,NA
"81",84,"Angesehene Wissenschaft","Stimme eher zu","Stimme eher zu","Stimme eher zu","Stimme voll zu","Stimme voll zu","Stimme voll zu","Stimme eher nicht zu","Stimme eher nicht zu","Stimme gar nicht zu","Stimme voll zu","Ziemlich relevant","Absolut relevant","Eher relevant","Nein","Nein","Nein","Nein","Ja","Ja","Ja","Nein","Ja","Ja","eher positiv","neutral","Das Auswerten und erstellen von Statistiken die Unternehmen oder den Bürgern Aufschlüsse geben","Pflichtfach","mittelmäßig",19,"männlich",NA,"Data Science",NA,"Bachelor",NA,3,NA
"82",85,NA,NA,NA,NA,NA,NA,NA,NA,NA,NA,NA,NA,NA,NA,"N/A","N/A","N/A","N/A","N/A","N/A","N/A","N/A","N/A","N/A",NA,NA,NA,NA,NA,NA,NA,NA,NA,NA,NA,NA,NA,NA
"83",86,NA,NA,NA,NA,NA,NA,NA,NA,NA,NA,NA,NA,NA,NA,"N/A","N/A","N/A","N/A","N/A","N/A","N/A","N/A","N/A","N/A",NA,NA,NA,NA,NA,NA,NA,NA,NA,NA,NA,NA,NA,NA
"84",87,NA,NA,NA,NA,NA,NA,NA,NA,NA,NA,NA,NA,NA,NA,"N/A","N/A","N/A","N/A","N/A","N/A","N/A","N/A","N/A","N/A",NA,NA,NA,NA,NA,NA,NA,NA,NA,NA,NA,NA,NA,NA
"85",88,"Angesehene Wissenschaft!","Stimme eher zu","Stimme eher nicht zu","Stimme eher nicht zu","Stimme eher zu","Stimme voll zu","Stimme voll zu","Stimme eher nicht zu","Stimme eher nicht zu","Stimme voll zu","Stimme voll zu","Absolut relevant","Absolut relevant","Eher relevant","Nein","Nein","Nein","Nein","Ja","Nein","Ja","Nein","Nein","Ja","eher positiv","neutral",NA,"Pflichtfach","ganz gut",22,"männlich",NA,"Statistik",NA,"Bachelor",NA,5,NA
"86",89,"Angesehen Wissenschaft","Stimme eher zu","Stimme voll zu","Stimme eher nicht zu","Stimme voll zu","Stimme eher zu","Stimme voll zu","Stimme eher zu","Stimme eher nicht zu","Stimme gar nicht zu","Stimme voll zu","Absolut relevant","Absolut relevant","Absolut relevant","Nein","Ja","Ja","Nein","Ja","Nein","Ja","Nein","Nein","Nein","eher positiv","eher negativ",NA,"Pflichtfach",NA,NA,NA,NA,NA,NA,NA,NA,NA,NA
"87",90,"Recht hoch angesehen","Stimme eher zu","Stimme voll zu","Stimme eher zu","Stimme voll zu","Stimme eher zu","Stimme voll zu","Stimme eher nicht zu","Stimme eher nicht zu","Stimme eher nicht zu","Stimme voll zu","Ziemlich relevant","Absolut relevant","Eher relevant","Nein","Nein","Nein","Nein","Ja","Nein","Nein","Nein","Nein","Ja","neutral","eher positiv","Erfasste Daten auswerten und veranschaulicht wiedergeben","Pflichtfach","mittelmäßig",21,"männlich",NA,"Statistik",NA,"Bachelor",NA,3,NA
"88",91,NA,"Stimme eher zu","Stimme eher zu","Stimme eher nicht zu","Stimme voll zu","Stimme eher zu","Stimme eher zu","Stimme eher nicht zu","Stimme eher nicht zu","Stimme gar nicht zu","Stimme voll zu","Ziemlich relevant","Ziemlich relevant","Ziemlich relevant","Ja","Nein","Nein","Nein","Ja","Ja","Ja","Nein","Nein","Ja","positiv","eher negativ",NA,NA,NA,NA,NA,NA,NA,NA,NA,NA,NA,NA
"89",92,NA,NA,NA,NA,NA,NA,NA,NA,NA,NA,NA,NA,NA,NA,"N/A","N/A","N/A","N/A","N/A","N/A","N/A","N/A","N/A","N/A",NA,NA,NA,NA,NA,NA,NA,NA,NA,NA,NA,NA,NA,NA
"90",93,"Angesehen zwar nicht immer, aber zunehmend wichtig in sämtlichen Bereichen","Stimme eher zu","Stimme voll zu","Stimme eher nicht zu","Stimme voll zu","Stimme eher zu","Stimme eher zu","Stimme gar nicht zu","Stimme gar nicht zu","Stimme eher nicht zu","Stimme voll zu","Absolut relevant","Absolut relevant","Eher relevant","Nein","Ja","Nein","Nein","Nein","Nein","Ja","Nein","Nein","Ja","positiv","negativ","Erheben, auswerten von Daten","Pflichtfach","bestens",23,"weiblich",NA,"Statistik",NA,"Master",NA,1,NA
"91",94,"Teilweise sehr wichtig und sinnvoll, teilweise überbewertet.","Stimme eher nicht zu","Stimme eher nicht zu","Stimme eher nicht zu","Stimme voll zu","Stimme voll zu","Stimme eher zu","Stimme gar nicht zu","Stimme gar nicht zu","Stimme voll zu","Stimme voll zu","Eher relevant","Ziemlich irrelevant","Ziemlich relevant","Ja","Nein","Nein","Nein","Ja","Nein","Nein","Nein","Nein","Nein","neutral","negativ","Auswertung von Statistiken bzw. Von Daten, Erstellen von Prognosen etc.","Pflichtfach","bestens",22,"weiblich",NA,"Ingenieurwissenschaften",NA,"Bachelor",NA,5,NA
"92",95,NA,NA,NA,NA,NA,NA,NA,NA,NA,NA,NA,NA,NA,NA,"N/A","N/A","N/A","N/A","N/A","N/A","N/A","N/A","N/A","N/A",NA,NA,NA,NA,NA,NA,NA,NA,NA,NA,NA,NA,NA,NA
"93",96,NA,"Stimme voll zu","Stimme voll zu","Stimme eher zu","Stimme eher zu","Stimme eher nicht zu","Stimme eher zu","Stimme gar nicht zu","Stimme eher nicht zu","Stimme eher nicht zu","Stimme voll zu","Ziemlich relevant","Ziemlich relevant","Eher relevant","Ja","Ja","Ja","Nein","Nein","Nein","Ja","Nein","Nein","Ja","positiv","eher positiv",NA,"Pflichtfach","ganz gut",19,"männlich",NA,"Statistik",NA,"Bachelor",NA,1,NA
"94",97,"Angesehene Wissenschaft","Stimme eher nicht zu","Stimme voll zu","Stimme eher nicht zu","Stimme voll zu","Stimme eher zu","Stimme eher zu","Stimme gar nicht zu","Stimme eher nicht zu","Stimme eher nicht zu","Stimme voll zu","Ziemlich relevant","Absolut relevant","Ziemlich relevant","Ja","Ja","Ja","Nein","Ja","Ja","Ja","Nein","Nein","Ja","eher positiv","neutral","-viele studien
-programmieren
-schätzen, testen","Pflichtfach","mittelmäßig",19,"weiblich",NA,"Statistik",NA,"Bachelor",NA,3,"Nope :)"
"95",98,"Angesehe Wissenschaft","Stimme eher zu","Stimme voll zu","Stimme eher zu","Stimme voll zu","Stimme voll zu","Stimme eher nicht zu","Stimme gar nicht zu","Stimme eher zu","Stimme eher nicht zu","Stimme voll zu","Absolut relevant","Absolut relevant","Ziemlich irrelevant","Nein","Ja","Nein","Nein","Ja","Ja","Nein","Nein","Ja","Ja","eher positiv","eher negativ",NA,"Pflichtfach","mittelmäßig",19,"divers",NA,"Ingenieurwissenschaften",NA,"Bachelor",NA,5,NA
"96",99,NA,NA,NA,NA,NA,NA,NA,NA,NA,NA,NA,NA,NA,NA,"N/A","N/A","N/A","N/A","N/A","N/A","N/A","N/A","N/A","N/A",NA,NA,NA,NA,NA,NA,NA,NA,NA,NA,NA,NA,NA,NA
"97",100,"Ich finde Statistik wichtig.","Stimme eher nicht zu","Stimme voll zu","Stimme eher nicht zu","Stimme eher zu","Stimme eher zu","Stimme voll zu","Stimme gar nicht zu","Stimme eher zu","Stimme gar nicht zu","Stimme voll zu","Ziemlich relevant","Absolut relevant","Eher relevant","Nein","Ja","Nein","Nein","Ja","Nein","Nein","Nein","Nein","Ja","eher positiv","neutral",NA,"Pflichtfach","ganz gut",19,"männlich",NA,"Statistik",NA,"Bachelor",NA,3,"Coole Umfrage, ich bin gespannt auf die Auswertung."
"98",101,"Wissenschaft definitiv; von den meisten aber leider eher als Anhängsel der Mathematik angesehen als als eigenständiges Forschungsgebiet.","Stimme eher nicht zu","Stimme voll zu","Stimme eher nicht zu","Stimme voll zu","Stimme voll zu","Stimme eher nicht zu","Stimme gar nicht zu","Stimme eher nicht zu","Stimme gar nicht zu","Stimme voll zu","Ziemlich relevant","Absolut relevant","Ziemlich relevant","Nein","Ja","Nein","Nein","Nein","Nein","Ja","Nein","Nein","Ja","positiv","eher negativ","Gute Frage :) Fällt mir total schwer, mir den Arbeitsalltag in dem Beruf vorzustellen... Es hängt vermutlich sehr von der Branche und der genauen Berufsbezeichnung ab, was man in welchem Ausmaß tut.","Pflichtfach","mittelmäßig",25,"männlich",NA,"Statistik",NA,"Bachelor",NA,15,"Sehr gut produzierter Fragebogen und ein spannendes Thema :)"
"99",102,NA,NA,NA,NA,NA,NA,NA,NA,NA,NA,NA,NA,NA,NA,"N/A","N/A","N/A","N/A","N/A","N/A","N/A","N/A","N/A","N/A",NA,NA,NA,NA,NA,NA,NA,NA,NA,NA,NA,NA,NA,NA
"100",103,"Ich würde eher Richtung angesehene Wissenschaft tendieren","Stimme eher zu","Stimme eher nicht zu","Stimme eher zu","Stimme eher zu","Stimme voll zu","Stimme eher zu","Stimme gar nicht zu","Stimme eher zu","Stimme eher zu","Stimme voll zu","Ziemlich relevant","Ziemlich relevant","Eher irrelevant","Nein","Ja","Nein","Nein","Nein","Nein","Ja","Nein","Ja","Ja","eher positiv","eher negativ","Aufbereitung von Daten","Pflichtfach","ganz gut",19,"weiblich",NA,"Statistik",NA,"Bachelor",NA,1,NA
"101",104,NA,NA,NA,NA,NA,NA,NA,NA,NA,NA,NA,NA,NA,NA,"N/A","N/A","N/A","N/A","N/A","N/A","N/A","N/A","N/A","N/A",NA,NA,NA,NA,NA,NA,NA,NA,NA,NA,NA,NA,NA,NA
"102",105,"Ich glaube für viele wird es als lästiges Übel wahrgenommen, weil fast in jedem Studium Statistik vorkommt, auch bei denjenigen, die mit Mathe etc. nicht so viel anfangen können","Stimme eher zu","Stimme voll zu","Stimme eher nicht zu","Stimme voll zu","Stimme eher zu","Stimme eher zu","Stimme gar nicht zu","Stimme eher zu","Stimme eher nicht zu","Stimme voll zu","Absolut relevant","Absolut relevant","Eher relevant","Ja","Ja","Ja","Nein","Ja","Ja","Nein","Nein","Nein","Ja","positiv","neutral","Auswertung und Interpretation von Daten, in den unterschiedlichsten Anwendungsgebieten","Pflichtfach","ganz gut",20,"weiblich",NA,"Statistik",NA,"Bachelor",NA,3,NA
"103",106,NA,"Stimme eher nicht zu","Stimme gar nicht zu","Stimme voll zu","Stimme voll zu","Stimme eher zu","Stimme eher zu","Stimme eher nicht zu","Stimme gar nicht zu","Stimme eher nicht zu","Stimme voll zu","Absolut irrelevant","Eher irrelevant","Ziemlich irrelevant","Ja","Nein","Nein","Nein","Nein","Ja","Nein","Nein","Nein","Nein","neutral","eher negativ","Auswerten und Analysieren von unterschiedlichsten Daten und diese geordnet darstellen","kein Bestandteil",NA,20,"weiblich",NA,"Lehramtsstudiengänge",NA,"Bachelor",NA,5,NA
"104",107,"Wird gebraucht, und bringt die Forschung vorran.","Stimme eher zu","Stimme voll zu","Stimme eher nicht zu","Stimme voll zu","Stimme eher zu","Stimme voll zu","Stimme eher nicht zu","Stimme eher nicht zu","Stimme gar nicht zu","Stimme voll zu","Absolut relevant","Absolut relevant","Ziemlich relevant","Nein","Nein","Ja","Nein","Ja","Nein","Ja","Nein","Nein","Ja","eher positiv","neutral","Daten auswerten und Prognosen erstellen, Daten gebündelt zusammenfassen","Pflichtfach","ganz gut",18,"weiblich",NA,"Statistik",NA,"Bachelor",NA,1,NA
"105",108,NA,NA,NA,NA,NA,NA,NA,NA,NA,NA,NA,NA,NA,NA,"N/A","N/A","N/A","N/A","N/A","N/A","N/A","N/A","N/A","N/A",NA,NA,NA,NA,NA,NA,NA,NA,NA,NA,NA,NA,NA,NA
"106",109,NA,"Stimme eher nicht zu","Stimme voll zu","Stimme eher nicht zu","Stimme voll zu","Stimme voll zu","Stimme voll zu","Stimme gar nicht zu","Stimme gar nicht zu","Stimme eher nicht zu","Stimme voll zu","Absolut relevant","Absolut relevant","Eher relevant","Nein","Nein","Nein","Nein","Ja","Ja","Ja","Nein","Ja","Ja","eher positiv","eher negativ",NA,"Pflichtfach","ganz gut",24,"weiblich",NA,"Statistik",NA,"Bachelor",NA,5,NA
"107",110,NA,NA,NA,NA,NA,NA,NA,NA,NA,NA,NA,NA,NA,NA,"N/A","N/A","N/A","N/A","N/A","N/A","N/A","N/A","N/A","N/A",NA,NA,NA,NA,NA,NA,NA,NA,NA,NA,NA,NA,NA,NA
"108",111,"Angesehene Wissenschaft",NA,NA,NA,NA,NA,NA,NA,NA,NA,NA,NA,NA,NA,"N/A","N/A","N/A","N/A","N/A","N/A","N/A","N/A","N/A","N/A",NA,NA,NA,NA,NA,NA,NA,NA,NA,NA,NA,NA,NA,NA
"109",112,NA,NA,NA,NA,NA,NA,NA,NA,NA,NA,NA,NA,NA,NA,"N/A","N/A","N/A","N/A","N/A","N/A","N/A","N/A","N/A","N/A",NA,NA,NA,NA,NA,NA,NA,NA,NA,NA,NA,NA,NA,NA
"110",113,NA,"Stimme eher nicht zu","Stimme voll zu","Stimme gar nicht zu","Stimme voll zu","Stimme eher zu","Stimme voll zu","Stimme gar nicht zu","Stimme eher nicht zu","Stimme eher nicht zu","Stimme voll zu","Absolut relevant","Absolut relevant","Ziemlich relevant","Ja","Ja","Nein","Nein","Nein","Nein","Ja","Nein","Nein","Ja","positiv","eher negativ",NA,"Pflichtfach","bestens",21,"weiblich",NA,"Statistik",NA,"Bachelor",NA,3,NA
"111",114,"Angesehene Wissenschaft","Stimme eher nicht zu","Stimme voll zu","Stimme eher nicht zu","Stimme eher zu","Stimme eher nicht zu","Stimme voll zu","Stimme gar nicht zu","Stimme eher zu","Stimme gar nicht zu","Stimme voll zu","Ziemlich irrelevant","Ziemlich irrelevant","Eher irrelevant","Ja","Ja","Ja","Nein","Ja","Ja","Ja","Nein","Nein","Ja","eher positiv","neutral","Statistiken anfertigen","Pflichtfach","nicht so gut",23,"männlich",NA,"Rechts- und Wirtschaftswissenschaften",NA,"Bachelor",NA,5,"-"
"112",115,NA,NA,NA,NA,NA,NA,NA,NA,NA,NA,NA,NA,NA,NA,"N/A","N/A","N/A","N/A","N/A","N/A","N/A","N/A","N/A","N/A",NA,NA,NA,NA,NA,NA,NA,NA,NA,NA,NA,NA,NA,NA
"113",116,"Beides. (Angesehene) Wissenschaft ja und notwendiges übel immer wenn ich damit zu tun habe.","Stimme gar nicht zu","Stimme voll zu","Stimme voll zu","Stimme eher zu","Stimme voll zu","Stimme voll zu","Stimme eher nicht zu","Stimme gar nicht zu","Stimme gar nicht zu","Stimme voll zu","Absolut relevant","Absolut relevant","Eher relevant","Ja","Nein","Nein","Nein","Ja","Ja","Nein","Nein","Nein","Nein","neutral","eher negativ","Leute zu sachen befragen und dann mit den ergebnissen rumrechnen.","Pflichtfach","bestens",22,"männlich",NA,"Naturwissenschaften und Mathematik",NA,"Bachelor",NA,7,"Nein."
"114",117,NA,"Stimme eher nicht zu","Stimme eher nicht zu","Stimme eher nicht zu","Stimme voll zu","Stimme eher zu","Stimme voll zu","Stimme gar nicht zu","Stimme eher nicht zu","Stimme eher nicht zu","Stimme eher zu","Eher relevant","Absolut relevant","Eher relevant","Ja","Ja","Nein","Nein","Nein","Nein","Ja","Nein","Nein","Nein","positiv","eher negativ",NA,"Pflichtfach","ganz gut",21,"weiblich",NA,"Statistik",NA,"Bachelor",NA,1,NA
"115",118,"Angesehene Wissenschaft","Stimme gar nicht zu","Stimme voll zu","Stimme eher nicht zu","Stimme voll zu","Stimme voll zu","Stimme eher zu","Stimme gar nicht zu","Stimme gar nicht zu","Stimme gar nicht zu","Stimme voll zu","Ziemlich irrelevant","Absolut irrelevant","Eher irrelevant","Nein","Nein","Nein","Nein","Ja","Ja","Nein","Nein","Ja","Nein","eher negativ","negativ","-","kein Bestandteil",NA,28,"männlich",NA,"Rechts- und Wirtschaftswissenschaften",NA,"Master",NA,3,"Hab euch lieb :)"
"116",119,"Ich bin Statistik gegenüber relativ neutral eingestellt, weil ich bisher noch nie mit ihr in Berührung kam.","Stimme gar nicht zu","Stimme eher nicht zu","Stimme voll zu","Stimme eher zu","Stimme voll zu","Stimme eher zu","Stimme eher zu","Stimme gar nicht zu","Stimme gar nicht zu","Stimme voll zu","Eher relevant","Eher relevant","Eher irrelevant","Nein","Nein","Nein","Nein","Ja","Ja","Nein","Nein","Nein","Nein","neutral","negativ","Daten auswerten mithilfe von Rechnungen, um für die Gesellschaft oder ein Unternehmen relevante Werte zu ermitteln","kein Pflichtfach, aber Bestandteil","mittelmäßig",19,"weiblich",NA,"Gesellschafts- und Sozialwissenschaften",NA,"Bachelor",NA,1,"Nein"
"117",120,"Angesehene Wissenschaft und super wichtig, um Daten kommunizieren zu können","Stimme eher nicht zu","Stimme voll zu","Stimme eher nicht zu","Stimme voll zu","Stimme eher zu","Stimme voll zu","Stimme gar nicht zu","Stimme voll zu","Stimme gar nicht zu","Stimme voll zu","Absolut relevant","Absolut relevant","Eher relevant","Ja","Ja","Nein","Nein","Nein","Ja","Ja","Nein","Nein","Ja","positiv","neutral","Begleiten von Studien, umgehen mit Datensätzen, Statistiken erstellen zu allen möglichen Themen","Pflichtfach","bestens",20,"weiblich",NA,"Statistik",NA,"Bachelor",NA,1,NA
"118",121,"Eher angesehene Wissenschaft, da statistische Schlüsse uns in unserem Alltag begleiten; Es ist nicht perfekt, verfälschbar, aber trotzdem das beste, was wir haben, um Zusammhänge zu erkennen und darzustellen.","Stimme eher nicht zu","Stimme eher zu","Stimme eher nicht zu","Stimme eher zu","Stimme voll zu","Stimme eher zu","Stimme gar nicht zu","Stimme eher nicht zu","Stimme voll zu","Stimme eher zu","Absolut relevant","Absolut relevant","Eher relevant","Ja","Ja","Nein","Nein","Nein","Ja","Nein","Nein","Ja","Nein","eher positiv","eher negativ","Nullhypothesen rechnen; Vielleicht statistische Verfahren entwickeln.","Pflichtfach","ganz gut",28,"weiblich",NA,"Sonstiges","Psychologie","Bachelor",NA,5,NA
"119",123,"Notwendig für die Wissenschaft und Arbeit, in der Anwendung jedoch häufig umständlich.","Stimme voll zu","Stimme voll zu","Stimme eher zu","Stimme eher zu","Stimme eher zu","Stimme voll zu","Stimme eher nicht zu","Stimme eher nicht zu","Stimme gar nicht zu","Stimme eher zu","Absolut relevant","Ziemlich relevant","Eher relevant","Nein","Nein","Ja","Nein","Ja","Ja","Nein","Nein","Ja","Ja","neutral","eher negativ","Analyse von Daten, Identifikation von Muster, Erstellen von Modellen und Konzepten sowie die Entwicklung von Prognosen.","Pflichtfach","ganz gut",25,"männlich",NA,"Rechts- und Wirtschaftswissenschaften",NA,"Master",NA,4,NA
"120",124,NA,NA,NA,NA,NA,NA,NA,NA,NA,NA,NA,NA,NA,NA,"N/A","N/A","N/A","N/A","N/A","N/A","N/A","N/A","N/A","N/A",NA,NA,NA,NA,NA,NA,NA,NA,NA,NA,NA,NA,NA,NA
"121",125,NA,NA,NA,NA,NA,NA,NA,NA,NA,NA,NA,NA,NA,NA,"N/A","N/A","N/A","N/A","N/A","N/A","N/A","N/A","N/A","N/A",NA,NA,NA,NA,NA,NA,NA,NA,NA,NA,NA,NA,NA,NA
"122",126,NA,NA,NA,NA,NA,NA,NA,NA,NA,NA,NA,NA,NA,NA,"N/A","N/A","N/A","N/A","N/A","N/A","N/A","N/A","N/A","N/A",NA,NA,NA,NA,NA,NA,NA,NA,NA,NA,NA,NA,NA,NA
"123",127,"Recht praktisch, um einen Überblick über Wahrscheinlichkeiten und so zu gewinnen aber zum Teil ziemlich überbewertet","Stimme eher zu","Stimme gar nicht zu","Stimme voll zu","Stimme eher nicht zu","Stimme voll zu","Stimme eher zu","Stimme gar nicht zu","Stimme gar nicht zu","Stimme eher nicht zu","Stimme eher zu","Eher irrelevant","Ziemlich irrelevant","Eher irrelevant","Nein","Nein","Nein","Ja","Ja","Ja","Nein","Ja","Ja","Nein","eher negativ","eher negativ","Analysieren von Zahlen und daraus Ableiten von Ergebnissen","kein Bestandteil",NA,21,"weiblich",NA,"Lehramtsstudiengänge",NA,"Bachelor",NA,5,NA
"124",128,"Es ist eine wertvolle Wissenschaft. Bevor man statistischen Ergebnissen glaubt, muss man sich aber sehr viel mit der Erhebung der Daten usw. beschäftigen, weil man sonst schnell falsche Glaubenssätze entwickeln kann.","Stimme eher zu","Stimme voll zu","Stimme gar nicht zu","Stimme voll zu","Stimme eher zu","Stimme eher zu","Stimme gar nicht zu","Stimme eher zu","Stimme eher nicht zu","Stimme voll zu","Eher relevant","Eher relevant","Ziemlich relevant","Ja","Ja","Ja","Nein","Nein","Ja","Ja","Nein","Nein","Ja","eher positiv","neutral","Methoden nutzen und entwickeln, um aus Datenmengen herauszufinden, wie wahrscheinlich Dinge sind. Umfragen erstellen, Daten erheben, auswerten, wissenschaftlich schätzen, aufbereiten, beurteilen welche Schlüsse daraus gezogen werden können","kein Pflichtfach, aber Bestandteil","ganz gut",21,"weiblich",NA,"Naturwissenschaften und Mathematik",NA,"Bachelor",NA,7,NA
